{"Sierra25_10.zip": [-120.09797110096223, 39.46144499394063, -120.0965740107101, 39.46246411234416], "Sierra25_1012.zip": [-118.9745087570533, 36.71979022786014, -118.97323157818134, 36.72077493847989], "Sierra25_1013.zip": [-118.97806462488474, 36.720869476737995, -118.97676428455932, 36.721888148367945], "Sierra25_1016.zip": [-119.58613950048694, 37.41791062034564, -119.5848600535622, 37.4189800558028], "Sierra25_1020.zip": [-119.58130215673512, 37.42843520651711, -119.5800229172694, 37.429517698832505], "Sierra25_1021.zip": [-119.57860888919501, 37.431679996492534, -119.57730711831763, 37.432741505114116], "Sierra25_1022.zip": [-119.57625631851651, 37.43467879323451, -119.57500796985117, 37.43574052699785], "Sierra25_1042.zip": [-118.42623411097622, 35.735980291508575, -118.42501297272928, 35.73698059320289], "Sierra25_1043.zip": [-118.42575070108339, 35.73867946703405, -118.42466468859686, 35.73960210035199], "Sierra25_1044.zip": [-118.42409340495287, 35.74010978100976, -118.42294254663194, 35.741073069027905], "Sierra25_1056.zip": [-119.61429925545573, 37.48667778014313, -119.61301767037061, 37.487724646098776], "Sierra25_1085.zip": [-118.43187233363915, 35.69090418916678, -118.43073448599182, 35.691841809426634], "Sierra25_1086.zip": [-118.43037294631341, 35.69112313538969, -118.42930423435513, 35.69209833572816], "Sierra25_1087.zip": [-118.4318931222838, 35.691787046285526, -118.43092604877523, 35.69276090733119], "Sierra25_1090.zip": [-118.55364691317737, 35.8398170697058, -118.55236778805886, 35.840789333960515], "Sierra25_1091.zip": [-118.55322167261772, 35.84097327751744, -118.55200465565923, 35.84204928357109], "Sierra25_1094.zip": [-118.5480252254826, 35.850827325391286, -118.54685286073618, 35.85189304960868], "Sierra25_1104.zip": [-118.35789324696296, 35.90729692623965, -118.3566168765009, 35.90833554577772], "Sierra25_1105.zip": [-118.36488996457304, 35.90830327309279, -118.36361123614368, 35.90936596451172], "Sierra25_1106.zip": [-118.36024973834354, 35.908903721500316, -118.3590475424229, 35.90997072666478], "Sierra25_1107.zip": [-118.64076922972038, 36.105884166621244, -118.63947896941454, 36.106957313047225], "Sierra25_1110.zip": [-118.64665322227705, 36.10681147798915, -118.6453672759274, 36.10780492023359], "Sierra25_1111.zip": [-118.65750304449631, 36.109463839741125, -118.65623083704713, 36.11050169417943], "Sierra25_1112.zip": [-118.66043724732782, 36.10907329819492, -118.65923825122591, 36.1101301365623], "Sierra25_1119.zip": [-118.90383663573449, 36.78474320853845, -118.90256909772074, 36.7858105390806], "Sierra25_115.zip": [-120.99626017554023, 39.477957275876186, -120.99484534999127, 39.47897892274263], "Sierra25_1156.zip": [-119.03053143396944, 36.82965592470211, -119.02929014899976, 36.83064878049567], "Sierra25_1157.zip": [-119.03443374605133, 36.75118811953235, -119.03313201279369, 36.75224367512184], "Sierra25_1158.zip": [-118.91239653701729, 36.78862924568158, -118.91130315711675, 36.78961840742976], "Sierra25_1159.zip": [-118.91189954490554, 36.773421150900724, -118.91063221672393, 36.774497305049834], "Sierra25_1160.zip": [-118.9026138853563, 36.79471977970393, -118.90137130988448, 36.79581748823874], "Sierra25_117.zip": [-120.5464893218486, 40.22879315966995, -120.54511118929248, 40.229795000784776], "Sierra25_1170.zip": [-119.57456522869654, 37.31255428524445, -119.57331178697781, 37.3135776730497], "Sierra25_1174.zip": [-119.57985993977853, 37.31951625588188, -119.57878418776086, 37.32058652347519], "Sierra25_1175.zip": [-119.61069717634936, 37.48460324937809, -119.60942157874833, 37.485643627467596], "Sierra25_1176.zip": [-119.60803345011442, 37.489374198527244, -119.60673395893906, 37.49043161214368], "Sierra25_119.zip": [-121.29018793907008, 39.53078287182246, -121.28885823547509, 39.53174897725227], "Sierra25_121.zip": [-121.28899904073181, 39.53295550222439, -121.28770030459874, 39.533929870075774], "Sierra25_1211.zip": [-118.43241595281357, 35.692158385181294, -118.43136681184261, 35.69311120152458], "Sierra25_1212.zip": [-118.43395021145166, 35.692413627811526, -118.4329767705957, 35.693260381263414], "Sierra25_1213.zip": [-118.43585245030815, 35.693124377741405, -118.43488009779313, 35.69410893521473], "Sierra25_1215.zip": [-118.42408451600876, 35.708966567723714, -118.42304517818187, 35.70986916960122], "Sierra25_1223.zip": [-118.42707715646114, 35.73196544226022, -118.42594422359942, 35.732952653205835], "Sierra25_1224.zip": [-118.42654312353446, 35.73450805630579, -118.42537936015347, 35.73546087306045], "Sierra25_123.zip": [-120.23389981966066, 39.45151788383067, -120.2325005830191, 39.452540498389624], "Sierra25_124.zip": [-120.23935121317693, 39.45247255164208, -120.23793172754078, 39.45349034606294], "Sierra25_125.zip": [-120.24050750132307, 39.44947949252703, -120.23911357498076, 39.4505094226038], "Sierra25_1250.zip": [-118.54256107060075, 35.88251068737368, -118.54129137791709, 35.8835619043079], "Sierra25_1251.zip": [-118.54302031876729, 35.882909231345984, -118.54176711857896, 35.883963748206895], "Sierra25_1252.zip": [-118.54215491838607, 35.8845102396946, -118.54091830514199, 35.88548844751059], "Sierra25_1253.zip": [-118.54223995571007, 35.884815426183025, -118.54097992895359, 35.885882724918176], "Sierra25_1254.zip": [-118.54293986191485, 35.88624726236027, -118.54167147836807, 35.887321869689565], "Sierra25_1265.zip": [-118.36166719847424, 35.912317624147335, -118.36049712386222, 35.913318765269466], "Sierra25_1266.zip": [-118.36377947585385, 35.91442099066342, -118.36264865802352, 35.91542955881728], "Sierra25_1273.zip": [-118.64178552095568, 36.10756902389388, -118.64050397943744, 36.10863841082415], "Sierra25_1274.zip": [-118.64065821405184, 36.108672302831, -118.63938371231217, 36.109723858775816], "Sierra25_1275.zip": [-118.64022988287591, 36.109828112682166, -118.63893668143193, 36.11088925921399], "Sierra25_1304.zip": [-118.96670729895429, 36.71682799414291, -118.9654312372429, 36.717916211846486], "Sierra25_1305.zip": [-118.96921482492685, 36.719708850832944, -118.9679347272681, 36.720766976280245], "Sierra25_1333.zip": [-118.90537507670942, 36.79899635900252, -118.904109066662, 36.80005490295535], "Sierra25_139.zip": [-121.30153923657954, 39.52059146829915, -121.30015265743883, 39.521606988262825], "Sierra25_140.zip": [-121.29746079558923, 39.52011443311095, -121.2960755898153, 39.52112553647997], "Sierra25_1401.zip": [-119.5737554259876, 37.307560206998126, -119.57249810672509, 37.308624059773514], "Sierra25_1402.zip": [-119.585939280371, 37.309304425664116, -119.58478452351757, 37.31020649828712], "Sierra25_1417.zip": [-119.57284910689785, 37.4201844870211, -119.57161435987489, 37.42125179920669], "Sierra25_1419.zip": [-119.5745694017433, 37.422697268630834, -119.57339207282725, 37.4235811287453], "Sierra25_1420.zip": [-119.57025447217798, 37.423931977211765, -119.56901501037736, 37.42493591652263], "Sierra25_1426.zip": [-119.60441788193545, 37.48503534521307, -119.60314190924913, 37.48605986827818], "Sierra25_1427.zip": [-119.60385205206615, 37.48720374078375, -119.60258026558773, 37.48820741291886], "Sierra25_1428.zip": [-119.61774320131217, 37.49049843800382, -119.61656351494526, 37.49154092010266], "Sierra25_1429.zip": [-119.61142214520895, 37.490528785305294, -119.61017576030248, 37.49155542363128], "Sierra25_1430.zip": [-119.61515173885161, 37.49069194839994, -119.61397731590087, 37.491779479905404], "Sierra25_1431.zip": [-119.61209219004017, 37.491889175607, -119.61083915569395, 37.49292526768531], "Sierra25_145.zip": [-120.99138604307016, 39.66520954407592, -120.98998112134247, 39.666239963617066], "Sierra25_151.zip": [-121.01801573599427, 39.66598525555202, -121.01662226705493, 39.667015583587066], "Sierra25_158.zip": [-121.0525031360886, 39.49782142583951, -121.05110802467948, 39.4988185737998], "Sierra25_159.zip": [-121.05535517541566, 39.500723487137385, -121.05402323721911, 39.50175785494044],